<?xml version="1.0"?>
<!DOCTYPE hibernate-mapping PUBLIC "-//Hibernate/Hibernate Mapping DTD 3.0//EN"
"http://www.hibernate.org/dtd/hibernate-mapping-3.0.dtd">
<!-- Generated Mar 27, 2012 12:16:36 PM by Hibernate Tools 3.4.0.CR1 -->
<hibernate-mapping>
    <class name="dst1.model.Computer" table="COMPUTER">
    
        <id name="id" type="java.lang.Long" access="field">
            <column name="ID" />
            <generator class="native" />
        </id>
        <property name="name" type="java.lang.String" access="field">
            <column name="NAME" />
        </property>
        <property name="cpus" type="java.lang.Integer" access="field">
            <column name="CPUS" />
        </property>
        <property name="location" type="java.lang.String" access="field">
            <column name="LOCATION" />
        </property>
        <property name="creation" type="java.util.Date" access="field">
            <column name="CREATION" />
        </property>
        <property name="lastUpdate" type="java.util.Date" access="field">
            <column name="LASTUPDATE" />
        </property>
        <many-to-one name="cluster" class="dst1.model.Cluster"><column name="Cluster" /></many-to-one>
        <!-- A bidirectional association allows navigation from both "ends" of the association. Two kinds of bidirectional association are supported:
				...	
				many-to-many
				set or bag valued at both ends
		 -->
        <bag name="executions" inverse="true" table="computer_execution">
        	<key column="computer_id"/>
        	<many-to-many column="execution_id" class="dst1.model.Execution" />
        </bag>
    </class>
</hibernate-mapping>
